DELETE FROM group_subject_schedule;
DELETE FROM group_subjects;
DELETE FROM subjects;
DELETE FROM teacher_salaries;
DELETE FROM teachers;
DELETE FROM student_courses;
DELETE FROM students;
DELETE FROM groups;
DELETE FROM courses_schedule;
DELETE FROM courses;
DELETE FROM room_assignments;
DELETE FROM rooms;

INSERT INTO rooms (name) VALUES ('K204');
INSERT INTO rooms (name) VALUES ('K205');
INSERT INTO rooms (name) VALUES ('K206');
INSERT INTO rooms (name) VALUES ('K207');
INSERT INTO rooms (name) VALUES ('K305');
INSERT INTO rooms (name) VALUES ('K306');
INSERT INTO rooms (name) VALUES ('K307');
INSERT INTO rooms (name) VALUES ('K409');
INSERT INTO rooms (name) VALUES ('K410');

INSERT INTO room_assignments (room_id, start_time, end_time) VALUES (1, '2024-02-01T08:00:00.000Z', '2024-02-01T08:45:00.000Z');
INSERT INTO room_assignments (room_id, start_time, end_time) VALUES (2, '2024-02-01T08:00:00.000Z', '2024-02-01T09:30:00.000Z');
INSERT INTO room_assignments (room_id, start_time, end_time) VALUES (3, '2024-02-01T08:00:00.000Z', '2024-02-01T09:30:00.000Z');
INSERT INTO room_assignments (room_id, start_time, end_time) VALUES (4, '2024-02-01T08:00:00.000Z', '2024-02-01T09:30:00.000Z');
INSERT INTO room_assignments (room_id, start_time, end_time) VALUES (5, '2024-02-01T08:00:00.000Z', '2024-02-01T09:30:00.000Z');
INSERT INTO room_assignments (room_id, start_time, end_time) VALUES (6, '2024-02-01T08:15:00.000Z', '2024-02-01T09:00:00.000Z');
INSERT INTO room_assignments (room_id, start_time, end_time) VALUES (8, '2024-02-01T08:30:00.000Z', '2024-02-01T10:00:00.000Z');
INSERT INTO room_assignments (room_id, start_time, end_time) VALUES (6, '2024-02-01T09:00:00.000Z', '2024-02-01T10:30:00.000Z');
INSERT INTO room_assignments (room_id, start_time, end_time) VALUES (7, '2024-02-01T09:15:00.000Z', '2024-02-01T10:00:00.000Z');
INSERT INTO room_assignments (room_id, start_time, end_time) VALUES (1, '2024-02-01T09:30:00.000Z', '2024-02-01T10:15:00.000Z');
INSERT INTO room_assignments (room_id, start_time, end_time) VALUES (2, '2024-02-01T09:30:00.000Z', '2024-02-01T11:00:00.000Z');
INSERT INTO room_assignments (room_id, start_time, end_time) VALUES (3, '2024-02-01T09:30:00.000Z', '2024-02-01T10:15:00.000Z');
INSERT INTO room_assignments (room_id, start_time, end_time) VALUES (4, '2024-02-01T09:30:00.000Z', '2024-02-01T11:00:00.000Z');
INSERT INTO room_assignments (room_id, start_time, end_time) VALUES (5, '2024-02-01T09:30:00.000Z', '2024-02-01T11:00:00.000Z');
INSERT INTO room_assignments (room_id, start_time, end_time) VALUES (7, '2024-02-01T10:00:00.000Z', '2024-02-01T10:45:00.000Z');
INSERT INTO room_assignments (room_id, start_time, end_time) VALUES (8, '2024-02-01T10:00:00.000Z', '2024-02-01T11:30:00.000Z');
INSERT INTO room_assignments (room_id, start_time, end_time) VALUES (1, '2024-02-01T10:15:00.000Z', '2024-02-01T11:00:00.000Z');
INSERT INTO room_assignments (room_id, start_time, end_time) VALUES (3, '2024-02-01T10:15:00.000Z', '2024-02-01T11:00:00.000Z');
INSERT INTO room_assignments (room_id, start_time, end_time) VALUES (9, '2024-02-01T10:15:00.000Z', '2024-02-01T11:45:00.000Z');
INSERT INTO room_assignments (room_id, start_time, end_time) VALUES (6, '2024-02-01T10:30:00.000Z', '2024-02-01T11:15:00.000Z');
INSERT INTO room_assignments (room_id, start_time, end_time) VALUES (7, '2024-02-01T10:45:00.000Z', '2024-02-01T12:15:00.000Z');
INSERT INTO room_assignments (room_id, start_time, end_time) VALUES (2, '2024-02-01T11:00:00.000Z', '2024-02-01T12:30:00.000Z');
INSERT INTO room_assignments (room_id, start_time, end_time) VALUES (3, '2024-02-01T11:00:00.000Z', '2024-02-01T11:45:00.000Z');
INSERT INTO room_assignments (room_id, start_time, end_time) VALUES (4, '2024-02-01T11:00:00.000Z', '2024-02-01T11:45:00.000Z');
INSERT INTO room_assignments (room_id, start_time, end_time) VALUES (5, '2024-02-01T11:00:00.000Z', '2024-02-01T11:45:00.000Z');
INSERT INTO room_assignments (room_id, start_time, end_time) VALUES (6, '2024-02-01T11:30:00.000Z', '2024-02-01T13:00:00.000Z');
INSERT INTO room_assignments (room_id, start_time, end_time) VALUES (8, '2024-02-01T11:30:00.000Z', '2024-02-01T12:15:00.000Z');
INSERT INTO room_assignments (room_id, start_time, end_time) VALUES (1, '2024-02-01T11:45:00.000Z', '2024-02-01T12:30:00.000Z');
INSERT INTO room_assignments (room_id, start_time, end_time) VALUES (3, '2024-02-01T11:45:00.000Z', '2024-02-01T12:30:00.000Z');
INSERT INTO room_assignments (room_id, start_time, end_time) VALUES (5, '2024-02-01T11:45:00.000Z', '2024-02-01T13:15:00.000Z');
INSERT INTO room_assignments (room_id, start_time, end_time) VALUES (9, '2024-02-01T11:45:00.000Z', '2024-02-01T13:15:00.000Z');
INSERT INTO room_assignments (room_id, start_time, end_time) VALUES (7, '2024-02-01T12:15:00.000Z', '2024-02-01T13:00:00.000Z');
INSERT INTO room_assignments (room_id, start_time, end_time) VALUES (8, '2024-02-01T12:15:00.000Z', '2024-02-01T13:00:00.000Z');
INSERT INTO room_assignments (room_id, start_time, end_time) VALUES (2, '2024-02-01T12:30:00.000Z', '2024-02-01T14:00:00.000Z');
INSERT INTO room_assignments (room_id, start_time, end_time) VALUES (3, '2024-02-01T12:30:00.000Z', '2024-02-01T13:15:00.000Z');
INSERT INTO room_assignments (room_id, start_time, end_time) VALUES (4, '2024-02-01T12:30:00.000Z', '2024-02-01T14:00:00.000Z');
INSERT INTO room_assignments (room_id, start_time, end_time) VALUES (7, '2024-02-01T13:00:00.000Z', '2024-02-01T13:45:00.000Z');
INSERT INTO room_assignments (room_id, start_time, end_time) VALUES (8, '2024-02-01T13:00:00.000Z', '2024-02-01T14:30:00.000Z');
INSERT INTO room_assignments (room_id, start_time, end_time) VALUES (3, '2024-02-01T13:15:00.000Z', '2024-02-01T14:45:00.000Z');
INSERT INTO room_assignments (room_id, start_time, end_time) VALUES (1, '2024-02-01T13:30:00.000Z', '2024-02-01T14:15:00.000Z');
INSERT INTO room_assignments (room_id, start_time, end_time) VALUES (6, '2024-02-01T13:45:00.000Z', '2024-02-01T15:15:00.000Z');
INSERT INTO room_assignments (room_id, start_time, end_time) VALUES (4, '2024-02-01T14:00:00.000Z', '2024-02-01T15:30:00.000Z');
INSERT INTO room_assignments (room_id, start_time, end_time) VALUES (9, '2024-02-01T14:00:00.000Z', '2024-02-01T14:45:00.000Z');
INSERT INTO room_assignments (room_id, start_time, end_time) VALUES (1, '2024-02-01T14:30:00.000Z', '2024-02-01T15:15:00.000Z');
INSERT INTO room_assignments (room_id, start_time, end_time) VALUES (5, '2024-02-01T14:30:00.000Z', '2024-02-01T15:15:00.000Z');
INSERT INTO room_assignments (room_id, start_time, end_time) VALUES (7, '2024-02-01T14:30:00.000Z', '2024-02-01T16:00:00.000Z');
INSERT INTO room_assignments (room_id, start_time, end_time) VALUES (3, '2024-02-01T14:45:00.000Z', '2024-02-01T16:15:00.000Z');
INSERT INTO room_assignments (room_id, start_time, end_time) VALUES (8, '2024-02-01T14:45:00.000Z', '2024-02-01T15:30:00.000Z');
INSERT INTO room_assignments (room_id, start_time, end_time) VALUES (9, '2024-02-01T14:45:00.000Z', '2024-02-01T16:15:00.000Z');
INSERT INTO room_assignments (room_id, start_time, end_time) VALUES (1, '2024-02-01T15:15:00.000Z', '2024-02-01T16:45:00.000Z');
INSERT INTO room_assignments (room_id, start_time, end_time) VALUES (5, '2024-02-01T15:15:00.000Z', '2024-02-01T16:00:00.000Z');
INSERT INTO room_assignments (room_id, start_time, end_time) VALUES (6, '2024-02-01T15:15:00.000Z', '2024-02-01T16:45:00.000Z');
INSERT INTO room_assignments (room_id, start_time, end_time) VALUES (2, '2024-02-01T15:30:00.000Z', '2024-02-01T17:00:00.000Z');
INSERT INTO room_assignments (room_id, start_time, end_time) VALUES (4, '2024-02-01T15:30:00.000Z', '2024-02-01T17:00:00.000Z');
INSERT INTO room_assignments (room_id, start_time, end_time) VALUES (5, '2024-02-01T16:00:00.000Z', '2024-02-01T17:30:00.000Z');
INSERT INTO room_assignments (room_id, start_time, end_time) VALUES (8, '2024-02-01T16:15:00.000Z', '2024-02-01T17:45:00.000Z');
INSERT INTO room_assignments (room_id, start_time, end_time) VALUES (3, '2024-02-01T16:30:00.000Z', '2024-02-01T18:00:00.000Z');
INSERT INTO room_assignments (room_id, start_time, end_time) VALUES (1, '2024-02-01T16:45:00.000Z', '2024-02-01T17:30:00.000Z');
INSERT INTO room_assignments (room_id, start_time, end_time) VALUES (6, '2024-02-01T16:45:00.000Z', '2024-02-01T18:15:00.000Z');
INSERT INTO room_assignments (room_id, start_time, end_time) VALUES (9, '2024-02-01T16:45:00.000Z', '2024-02-01T17:30:00.000Z');
INSERT INTO room_assignments (room_id, start_time, end_time) VALUES (2, '2024-02-01T17:00:00.000Z', '2024-02-01T18:30:00.000Z');
INSERT INTO room_assignments (room_id, start_time, end_time) VALUES (4, '2024-02-01T17:00:00.000Z', '2024-02-01T18:30:00.000Z');
INSERT INTO room_assignments (room_id, start_time, end_time) VALUES (7, '2024-02-01T17:00:00.000Z', '2024-02-01T17:45:00.000Z');
INSERT INTO room_assignments (room_id, start_time, end_time) VALUES (1, '2024-02-01T17:30:00.000Z', '2024-02-01T19:00:00.000Z');
INSERT INTO room_assignments (room_id, start_time, end_time) VALUES (9, '2024-02-01T17:30:00.000Z', '2024-02-01T19:00:00.000Z');
INSERT INTO room_assignments (room_id, start_time, end_time) VALUES (7, '2024-02-01T17:45:00.000Z', '2024-02-01T18:30:00.000Z');

INSERT INTO courses (name, start_date, end_date, price) VALUES ('Mathematics', '2024-02-01T00:00:00.000Z', '2024-03-02T00:00:00.000Z', 670);
INSERT INTO courses (name, start_date, end_date, price) VALUES ('Physics', '2024-02-01T00:00:00.000Z', '2024-03-02T00:00:00.000Z', 223);
INSERT INTO courses (name, start_date, end_date, price) VALUES ('Chemistry', '2024-02-01T00:00:00.000Z', '2024-03-02T00:00:00.000Z', 430);
INSERT INTO courses (name, start_date, end_date, price) VALUES ('Biology', '2024-02-01T00:00:00.000Z', '2024-03-02T00:00:00.000Z', 795);
INSERT INTO courses (name, start_date, end_date, price) VALUES ('History', '2024-02-01T00:00:00.000Z', '2024-03-02T00:00:00.000Z', 204);
INSERT INTO courses (name, start_date, end_date, price) VALUES ('Geography', '2024-02-01T00:00:00.000Z', '2024-03-02T00:00:00.000Z', 238);
INSERT INTO courses (name, start_date, end_date, price) VALUES ('English', '2024-02-01T00:00:00.000Z', '2024-03-02T00:00:00.000Z', 1000);
INSERT INTO courses (name, start_date, end_date, price) VALUES ('French', '2024-02-01T00:00:00.000Z', '2024-03-02T00:00:00.000Z', 654);
INSERT INTO courses (name, start_date, end_date, price) VALUES ('Spanish', '2024-02-01T00:00:00.000Z', '2024-03-02T00:00:00.000Z', 740);
INSERT INTO courses (name, start_date, end_date, price) VALUES ('German', '2024-02-01T00:00:00.000Z', '2024-03-02T00:00:00.000Z', 333);

INSERT INTO courses_schedule (course_id, assignment_id) VALUES (7, 10);
INSERT INTO courses_schedule (course_id, assignment_id) VALUES (6, 16);
INSERT INTO courses_schedule (course_id, assignment_id) VALUES (6, 25);
INSERT INTO courses_schedule (course_id, assignment_id) VALUES (9, 32);
INSERT INTO courses_schedule (course_id, assignment_id) VALUES (4, 54);
INSERT INTO courses_schedule (course_id, assignment_id) VALUES (4, 40);
INSERT INTO courses_schedule (course_id, assignment_id) VALUES (5, 11);
INSERT INTO courses_schedule (course_id, assignment_id) VALUES (8, 26);
INSERT INTO courses_schedule (course_id, assignment_id) VALUES (8, 33);
INSERT INTO courses_schedule (course_id, assignment_id) VALUES (5, 55);
INSERT INTO courses_schedule (course_id, assignment_id) VALUES (1, 61);
INSERT INTO courses_schedule (course_id, assignment_id) VALUES (6, 48);
INSERT INTO courses_schedule (course_id, assignment_id) VALUES (7, 12);
INSERT INTO courses_schedule (course_id, assignment_id) VALUES (6, 42);
INSERT INTO courses_schedule (course_id, assignment_id) VALUES (8, 35);
INSERT INTO courses_schedule (course_id, assignment_id) VALUES (4, 62);
INSERT INTO courses_schedule (course_id, assignment_id) VALUES (8, 13);
INSERT INTO courses_schedule (course_id, assignment_id) VALUES (9, 28);
INSERT INTO courses_schedule (course_id, assignment_id) VALUES (8, 58);
INSERT INTO courses_schedule (course_id, assignment_id) VALUES (6, 22);
INSERT INTO courses_schedule (course_id, assignment_id) VALUES (3, 43);
INSERT INTO courses_schedule (course_id, assignment_id) VALUES (9, 29);
INSERT INTO courses_schedule (course_id, assignment_id) VALUES (3, 51);
INSERT INTO courses_schedule (course_id, assignment_id) VALUES (9, 23);
INSERT INTO courses_schedule (course_id, assignment_id) VALUES (2, 64);
INSERT INTO courses_schedule (course_id, assignment_id) VALUES (2, 7);
INSERT INTO courses_schedule (course_id, assignment_id) VALUES (3, 44);
INSERT INTO courses_schedule (course_id, assignment_id) VALUES (7, 14);
INSERT INTO courses_schedule (course_id, assignment_id) VALUES (4, 30);
INSERT INTO courses_schedule (course_id, assignment_id) VALUES (9, 38);
INSERT INTO courses_schedule (course_id, assignment_id) VALUES (9, 60);
INSERT INTO courses_schedule (course_id, assignment_id) VALUES (9, 24);
INSERT INTO courses_schedule (course_id, assignment_id) VALUES (1, 45);
INSERT INTO courses_schedule (course_id, assignment_id) VALUES (8, 15);
INSERT INTO courses_schedule (course_id, assignment_id) VALUES (9, 31);
INSERT INTO courses_schedule (course_id, assignment_id) VALUES (5, 9);
INSERT INTO courses_schedule (course_id, assignment_id) VALUES (7, 66);

INSERT INTO groups (name) VALUES ('A');
INSERT INTO groups (name) VALUES ('B');
INSERT INTO groups (name) VALUES ('C');
INSERT INTO groups (name) VALUES ('D');

INSERT INTO students (first_name, last_name, group_id) VALUES ('Amir', 'Sipes', 3);
INSERT INTO students (first_name, last_name, group_id) VALUES ('Omer', 'Kutch', 2);
INSERT INTO students (first_name, last_name, group_id) VALUES ('Jacey', 'Reynolds', 3);
INSERT INTO students (first_name, last_name, group_id) VALUES ('Buster', 'Skiles', 1);
INSERT INTO students (first_name, last_name, group_id) VALUES ('Violet', 'White', 1);
INSERT INTO students (first_name, last_name, group_id) VALUES ('Al', 'Muller', 1);
INSERT INTO students (first_name, last_name, group_id) VALUES ('Cindy', 'Bergstrom', 4);
INSERT INTO students (first_name, last_name, group_id) VALUES ('Cedrick', 'Hilpert', 3);
INSERT INTO students (first_name, last_name, group_id) VALUES ('Zachariah', 'Kuhic', 3);
INSERT INTO students (first_name, last_name, group_id) VALUES ('Earline', 'Von', 4);
INSERT INTO students (first_name, last_name, group_id) VALUES ('Luz', 'Schaefer', 1);
INSERT INTO students (first_name, last_name, group_id) VALUES ('Mathias', 'Lang', 3);
INSERT INTO students (first_name, last_name, group_id) VALUES ('Leonor', 'Olson', 4);
INSERT INTO students (first_name, last_name, group_id) VALUES ('Vidal', 'Feeney', 4);
INSERT INTO students (first_name, last_name, group_id) VALUES ('Broderick', 'Baumbach', 3);
INSERT INTO students (first_name, last_name, group_id) VALUES ('Maybelle', 'Jerde', 2);
INSERT INTO students (first_name, last_name, group_id) VALUES ('Clarissa', 'Strosin', 1);
INSERT INTO students (first_name, last_name, group_id) VALUES ('Allan', 'Barrows', 1);
INSERT INTO students (first_name, last_name, group_id) VALUES ('Juliana', 'Upton', 4);
INSERT INTO students (first_name, last_name, group_id) VALUES ('Maiya', 'Beer', 1);
INSERT INTO students (first_name, last_name, group_id) VALUES ('Peter', 'Lynch', 1);
INSERT INTO students (first_name, last_name, group_id) VALUES ('Emanuel', 'Morar', 4);
INSERT INTO students (first_name, last_name, group_id) VALUES ('Sedrick', 'Grimes', 4);
INSERT INTO students (first_name, last_name, group_id) VALUES ('Sasha', 'VonRueden', 4);
INSERT INTO students (first_name, last_name, group_id) VALUES ('Troy', 'Walsh', 1);
INSERT INTO students (first_name, last_name, group_id) VALUES ('Ansley', 'Dooley-Boyle', 3);
INSERT INTO students (first_name, last_name, group_id) VALUES ('Terrance', 'Sawayn', 4);
INSERT INTO students (first_name, last_name, group_id) VALUES ('Maye', 'Koelpin', 3);
INSERT INTO students (first_name, last_name, group_id) VALUES ('Angela', 'Schinner', 4);
INSERT INTO students (first_name, last_name, group_id) VALUES ('Braulio', 'Herman', 4);
INSERT INTO students (first_name, last_name, group_id) VALUES ('Aidan', 'Ledner', 4);
INSERT INTO students (first_name, last_name, group_id) VALUES ('Flavio', 'Hayes', 2);
INSERT INTO students (first_name, last_name, group_id) VALUES ('Brown', 'Emmerich', 4);
INSERT INTO students (first_name, last_name, group_id) VALUES ('Trey', 'Sauer-Zemlak', 3);
INSERT INTO students (first_name, last_name, group_id) VALUES ('Reece', 'Windler', 2);
INSERT INTO students (first_name, last_name, group_id) VALUES ('Rylan', 'Leuschke', 1);
INSERT INTO students (first_name, last_name, group_id) VALUES ('Lelia', 'Parisian', 3);
INSERT INTO students (first_name, last_name, group_id) VALUES ('Suzanne', 'Erdman-Schuster', 3);
INSERT INTO students (first_name, last_name, group_id) VALUES ('Reynold', 'Schaefer', 3);
INSERT INTO students (first_name, last_name, group_id) VALUES ('Estel', 'MacGyver', 1);
INSERT INTO students (first_name, last_name, group_id) VALUES ('Dianna', 'Jerde', 4);
INSERT INTO students (first_name, last_name, group_id) VALUES ('Micheal', 'Heller', 4);
INSERT INTO students (first_name, last_name, group_id) VALUES ('Thaddeus', 'Weber', 4);
INSERT INTO students (first_name, last_name, group_id) VALUES ('Jorge', 'Kuvalis', 4);
INSERT INTO students (first_name, last_name, group_id) VALUES ('Brennan', 'Jast', 2);
INSERT INTO students (first_name, last_name, group_id) VALUES ('Pattie', 'Marks', 2);
INSERT INTO students (first_name, last_name, group_id) VALUES ('Frank', 'Funk', 4);
INSERT INTO students (first_name, last_name, group_id) VALUES ('Lenny', 'Boehm', 2);
INSERT INTO students (first_name, last_name, group_id) VALUES ('Alice', 'Cole', 3);
INSERT INTO students (first_name, last_name, group_id) VALUES ('Oma', 'Wintheiser', 2);
INSERT INTO students (first_name, last_name, group_id) VALUES ('Chase', 'Strosin', 1);
INSERT INTO students (first_name, last_name, group_id) VALUES ('Lenna', 'Balistreri', 3);
INSERT INTO students (first_name, last_name, group_id) VALUES ('Randal', 'Becker', 3);
INSERT INTO students (first_name, last_name, group_id) VALUES ('Edythe', 'Williamson', 1);
INSERT INTO students (first_name, last_name, group_id) VALUES ('Houston', 'Upton', 4);
INSERT INTO students (first_name, last_name, group_id) VALUES ('Dortha', 'Hand', 1);
INSERT INTO students (first_name, last_name, group_id) VALUES ('Earlene', 'Rodriguez', 2);
INSERT INTO students (first_name, last_name, group_id) VALUES ('Itzel', 'Shanahan', 2);
INSERT INTO students (first_name, last_name, group_id) VALUES ('Felicita', 'Hermiston', 3);
INSERT INTO students (first_name, last_name, group_id) VALUES ('Audie', 'Mayert', 1);
INSERT INTO students (first_name, last_name, group_id) VALUES ('Ephraim', 'Abshire', 2);
INSERT INTO students (first_name, last_name, group_id) VALUES ('Shaina', 'Stoltenberg', 3);
INSERT INTO students (first_name, last_name, group_id) VALUES ('Emil', 'Boehm', 3);
INSERT INTO students (first_name, last_name, group_id) VALUES ('Freddie', 'Balistreri', 3);
INSERT INTO students (first_name, last_name, group_id) VALUES ('Haley', 'Lynch', 4);
INSERT INTO students (first_name, last_name, group_id) VALUES ('Sedrick', 'Jaskolski', 4);
INSERT INTO students (first_name, last_name, group_id) VALUES ('Mariela', 'Reinger', 3);
INSERT INTO students (first_name, last_name, group_id) VALUES ('Kaleigh', 'Schmeler', 1);
INSERT INTO students (first_name, last_name, group_id) VALUES ('Katheryn', 'Cremin', 4);
INSERT INTO students (first_name, last_name, group_id) VALUES ('Jaleel', 'Lang', 4);
INSERT INTO students (first_name, last_name, group_id) VALUES ('Shaina', 'Schuppe', 4);
INSERT INTO students (first_name, last_name, group_id) VALUES ('Brad', 'Emard', 1);
INSERT INTO students (first_name, last_name, group_id) VALUES ('Graham', 'Goodwin', 4);
INSERT INTO students (first_name, last_name, group_id) VALUES ('Jerrold', 'Bogan', 3);
INSERT INTO students (first_name, last_name, group_id) VALUES ('Damion', 'Ryan', 1);
INSERT INTO students (first_name, last_name, group_id) VALUES ('Cara', 'Davis', 3);
INSERT INTO students (first_name, last_name, group_id) VALUES ('Idell', 'Marquardt', 3);
INSERT INTO students (first_name, last_name, group_id) VALUES ('Thaddeus', 'Prohaska', 4);
INSERT INTO students (first_name, last_name, group_id) VALUES ('Kamryn', 'Cummings', 4);
INSERT INTO students (first_name, last_name, group_id) VALUES ('Birdie', 'Lockman', 3);
INSERT INTO students (first_name, last_name, group_id) VALUES ('Shanelle', 'Wisoky', 2);
INSERT INTO students (first_name, last_name, group_id) VALUES ('Conner', 'Stanton', 3);
INSERT INTO students (first_name, last_name, group_id) VALUES ('Lea', 'Hegmann', 2);
INSERT INTO students (first_name, last_name, group_id) VALUES ('Darryl', 'Morar', 1);
INSERT INTO students (first_name, last_name, group_id) VALUES ('Emile', 'Gottlieb', 3);
INSERT INTO students (first_name, last_name, group_id) VALUES ('Jamir', 'Swaniawski', 2);
INSERT INTO students (first_name, last_name, group_id) VALUES ('Tiara', 'Hackett', 4);
INSERT INTO students (first_name, last_name, group_id) VALUES ('Fannie', 'Lemke', 4);
INSERT INTO students (first_name, last_name, group_id) VALUES ('Berenice', 'Feeney', 3);
INSERT INTO students (first_name, last_name, group_id) VALUES ('Chyna', 'Harber', 2);
INSERT INTO students (first_name, last_name, group_id) VALUES ('Pete', 'Wehner', 4);
INSERT INTO students (first_name, last_name, group_id) VALUES ('Mose', 'Stoltenberg', 2);
INSERT INTO students (first_name, last_name, group_id) VALUES ('Kade', 'Armstrong', 4);
INSERT INTO students (first_name, last_name, group_id) VALUES ('Lucius', 'Fahey', 2);
INSERT INTO students (first_name, last_name, group_id) VALUES ('Joannie', 'Johnson-Upton', 4);
INSERT INTO students (first_name, last_name, group_id) VALUES ('Grayce', 'Lowe', 1);
INSERT INTO students (first_name, last_name, group_id) VALUES ('Jordy', 'Brakus', 2);
INSERT INTO students (first_name, last_name, group_id) VALUES ('Lydia', 'Paucek', 4);
INSERT INTO students (first_name, last_name, group_id) VALUES ('Ewell', 'Schaefer', 1);
INSERT INTO students (first_name, last_name, group_id) VALUES ('Mustafa', 'Schaden', 3);

INSERT INTO student_courses (student_id, course_id, payment_date) VALUES (1, 3, '2024-02-01T00:00:00.000Z');
INSERT INTO student_courses (student_id, course_id, payment_date) VALUES (3, 8, '2024-02-01T00:00:00.000Z');
INSERT INTO student_courses (student_id, course_id, payment_date) VALUES (4, 1, '2024-02-01T00:00:00.000Z');
INSERT INTO student_courses (student_id, course_id, payment_date) VALUES (5, 7, '2024-02-01T00:00:00.000Z');
INSERT INTO student_courses (student_id, course_id, payment_date) VALUES (6, 10, '2024-02-01T00:00:00.000Z');
INSERT INTO student_courses (student_id, course_id, payment_date) VALUES (7, 8, '2024-02-01T00:00:00.000Z');
INSERT INTO student_courses (student_id, course_id, payment_date) VALUES (8, 7, '2024-02-01T00:00:00.000Z');
INSERT INTO student_courses (student_id, course_id, payment_date) VALUES (11, 2, '2024-02-01T00:00:00.000Z');
INSERT INTO student_courses (student_id, course_id, payment_date) VALUES (12, 8, '2024-02-01T00:00:00.000Z');
INSERT INTO student_courses (student_id, course_id, payment_date) VALUES (14, 10, '2024-02-01T00:00:00.000Z');
INSERT INTO student_courses (student_id, course_id, payment_date) VALUES (15, 4, '2024-02-01T00:00:00.000Z');
INSERT INTO student_courses (student_id, course_id, payment_date) VALUES (16, 6, '2024-02-01T00:00:00.000Z');
INSERT INTO student_courses (student_id, course_id, payment_date) VALUES (17, 2, '2024-02-01T00:00:00.000Z');
INSERT INTO student_courses (student_id, course_id, payment_date) VALUES (18, 3, '2024-02-01T00:00:00.000Z');
INSERT INTO student_courses (student_id, course_id, payment_date) VALUES (20, 6, '2024-02-01T00:00:00.000Z');
INSERT INTO student_courses (student_id, course_id, payment_date) VALUES (21, 10, '2024-02-01T00:00:00.000Z');
INSERT INTO student_courses (student_id, course_id, payment_date) VALUES (23, 10, '2024-02-01T00:00:00.000Z');
INSERT INTO student_courses (student_id, course_id, payment_date) VALUES (27, 2, '2024-02-01T00:00:00.000Z');
INSERT INTO student_courses (student_id, course_id, payment_date) VALUES (30, 2, '2024-02-01T00:00:00.000Z');
INSERT INTO student_courses (student_id, course_id, payment_date) VALUES (31, 7, '2024-02-01T00:00:00.000Z');
INSERT INTO student_courses (student_id, course_id, payment_date) VALUES (33, 7, '2024-02-01T00:00:00.000Z');
INSERT INTO student_courses (student_id, course_id, payment_date) VALUES (36, 5, '2024-02-01T00:00:00.000Z');
INSERT INTO student_courses (student_id, course_id, payment_date) VALUES (45, 4, '2024-02-01T00:00:00.000Z');
INSERT INTO student_courses (student_id, course_id, payment_date) VALUES (47, 1, '2024-02-01T00:00:00.000Z');
INSERT INTO student_courses (student_id, course_id, payment_date) VALUES (49, 4, '2024-02-01T00:00:00.000Z');
INSERT INTO student_courses (student_id, course_id, payment_date) VALUES (50, 1, '2024-02-01T00:00:00.000Z');
INSERT INTO student_courses (student_id, course_id, payment_date) VALUES (53, 1, '2024-02-01T00:00:00.000Z');
INSERT INTO student_courses (student_id, course_id, payment_date) VALUES (54, 6, '2024-02-01T00:00:00.000Z');
INSERT INTO student_courses (student_id, course_id, payment_date) VALUES (55, 6, '2024-02-01T00:00:00.000Z');
INSERT INTO student_courses (student_id, course_id, payment_date) VALUES (56, 2, '2024-02-01T00:00:00.000Z');
INSERT INTO student_courses (student_id, course_id, payment_date) VALUES (58, 4, '2024-02-01T00:00:00.000Z');
INSERT INTO student_courses (student_id, course_id, payment_date) VALUES (65, 1, '2024-02-01T00:00:00.000Z');
INSERT INTO student_courses (student_id, course_id, payment_date) VALUES (67, 5, '2024-02-01T00:00:00.000Z');
INSERT INTO student_courses (student_id, course_id, payment_date) VALUES (68, 7, '2024-02-01T00:00:00.000Z');
INSERT INTO student_courses (student_id, course_id, payment_date) VALUES (70, 4, '2024-02-01T00:00:00.000Z');
INSERT INTO student_courses (student_id, course_id, payment_date) VALUES (71, 5, '2024-02-01T00:00:00.000Z');
INSERT INTO student_courses (student_id, course_id, payment_date) VALUES (72, 10, '2024-02-01T00:00:00.000Z');
INSERT INTO student_courses (student_id, course_id, payment_date) VALUES (74, 5, '2024-02-01T00:00:00.000Z');
INSERT INTO student_courses (student_id, course_id, payment_date) VALUES (76, 5, '2024-02-01T00:00:00.000Z');
INSERT INTO student_courses (student_id, course_id, payment_date) VALUES (77, 1, '2024-02-01T00:00:00.000Z');
INSERT INTO student_courses (student_id, course_id, payment_date) VALUES (78, 7, '2024-02-01T00:00:00.000Z');
INSERT INTO student_courses (student_id, course_id, payment_date) VALUES (80, 7, '2024-02-01T00:00:00.000Z');
INSERT INTO student_courses (student_id, course_id, payment_date) VALUES (84, 7, '2024-02-01T00:00:00.000Z');
INSERT INTO student_courses (student_id, course_id, payment_date) VALUES (86, 10, '2024-02-01T00:00:00.000Z');
INSERT INTO student_courses (student_id, course_id, payment_date) VALUES (88, 5, '2024-02-01T00:00:00.000Z');
INSERT INTO student_courses (student_id, course_id, payment_date) VALUES (89, 2, '2024-02-01T00:00:00.000Z');
INSERT INTO student_courses (student_id, course_id, payment_date) VALUES (92, 9, '2024-02-01T00:00:00.000Z');
INSERT INTO student_courses (student_id, course_id, payment_date) VALUES (96, 10, '2024-02-01T00:00:00.000Z');
INSERT INTO student_courses (student_id, course_id, payment_date) VALUES (98, 10, '2024-02-01T00:00:00.000Z');
INSERT INTO student_courses (student_id, course_id, payment_date) VALUES (99, 7, '2024-02-01T00:00:00.000Z');

INSERT INTO teachers (first_name, last_name) VALUES ('Isabel', 'Dickinson');
INSERT INTO teachers (first_name, last_name) VALUES ('Luis', 'Conn');
INSERT INTO teachers (first_name, last_name) VALUES ('Sanford', 'Botsford');
INSERT INTO teachers (first_name, last_name) VALUES ('Jean', 'Torphy');
INSERT INTO teachers (first_name, last_name) VALUES ('Julien', 'Strosin');
INSERT INTO teachers (first_name, last_name) VALUES ('Jamel', 'Considine');
INSERT INTO teachers (first_name, last_name) VALUES ('Maximillian', 'Collins');
INSERT INTO teachers (first_name, last_name) VALUES ('Joseph', 'Osinski');
INSERT INTO teachers (first_name, last_name) VALUES ('Elsie', 'Barrows');
INSERT INTO teachers (first_name, last_name) VALUES ('Robb', 'Ebert');

INSERT INTO teacher_salaries (teacher_id, amount, payment_date) VALUES (1, 3992, '2024-02-14T06:37:12.836Z');
INSERT INTO teacher_salaries (teacher_id, amount, payment_date) VALUES (2, 2289, '2024-02-24T06:41:29.603Z');
INSERT INTO teacher_salaries (teacher_id, amount, payment_date) VALUES (3, 3068, '2024-02-10T19:49:07.837Z');
INSERT INTO teacher_salaries (teacher_id, amount, payment_date) VALUES (4, 4522, '2024-02-22T22:19:46.797Z');
INSERT INTO teacher_salaries (teacher_id, amount, payment_date) VALUES (5, 1946, '2024-02-20T06:07:12.947Z');
INSERT INTO teacher_salaries (teacher_id, amount, payment_date) VALUES (6, 3206, '2024-02-07T19:23:09.176Z');
INSERT INTO teacher_salaries (teacher_id, amount, payment_date) VALUES (7, 2450, '2024-02-15T18:54:14.474Z');
INSERT INTO teacher_salaries (teacher_id, amount, payment_date) VALUES (8, 2447, '2024-02-05T11:50:51.964Z');
INSERT INTO teacher_salaries (teacher_id, amount, payment_date) VALUES (9, 3962, '2024-02-25T13:16:00.462Z');
INSERT INTO teacher_salaries (teacher_id, amount, payment_date) VALUES (10, 3658, '2024-02-18T01:10:35.642Z');

INSERT INTO subjects (name) VALUES ('Mathematics');
INSERT INTO subjects (name) VALUES ('Physics');
INSERT INTO subjects (name) VALUES ('Chemistry');
INSERT INTO subjects (name) VALUES ('Biology');
INSERT INTO subjects (name) VALUES ('History');
INSERT INTO subjects (name) VALUES ('Geography');
INSERT INTO subjects (name) VALUES ('English');
INSERT INTO subjects (name) VALUES ('French');
INSERT INTO subjects (name) VALUES ('Spanish');
INSERT INTO subjects (name) VALUES ('German');

INSERT INTO group_subjects (group_id, subject_id, teacher_id) VALUES (1, 1, 5);
INSERT INTO group_subjects (group_id, subject_id, teacher_id) VALUES (1, 2, 7);
INSERT INTO group_subjects (group_id, subject_id, teacher_id) VALUES (1, 3, 6);
INSERT INTO group_subjects (group_id, subject_id, teacher_id) VALUES (1, 4, 7);
INSERT INTO group_subjects (group_id, subject_id, teacher_id) VALUES (1, 5, 3);
INSERT INTO group_subjects (group_id, subject_id, teacher_id) VALUES (1, 6, 7);
INSERT INTO group_subjects (group_id, subject_id, teacher_id) VALUES (1, 7, 7);
INSERT INTO group_subjects (group_id, subject_id, teacher_id) VALUES (1, 8, 2);
INSERT INTO group_subjects (group_id, subject_id, teacher_id) VALUES (1, 9, 2);
INSERT INTO group_subjects (group_id, subject_id, teacher_id) VALUES (1, 10, 4);
INSERT INTO group_subjects (group_id, subject_id, teacher_id) VALUES (2, 1, 3);
INSERT INTO group_subjects (group_id, subject_id, teacher_id) VALUES (2, 2, 2);
INSERT INTO group_subjects (group_id, subject_id, teacher_id) VALUES (2, 3, 10);
INSERT INTO group_subjects (group_id, subject_id, teacher_id) VALUES (2, 4, 1);
INSERT INTO group_subjects (group_id, subject_id, teacher_id) VALUES (2, 5, 4);
INSERT INTO group_subjects (group_id, subject_id, teacher_id) VALUES (2, 6, 8);
INSERT INTO group_subjects (group_id, subject_id, teacher_id) VALUES (2, 7, 9);
INSERT INTO group_subjects (group_id, subject_id, teacher_id) VALUES (2, 8, 8);
INSERT INTO group_subjects (group_id, subject_id, teacher_id) VALUES (2, 9, 7);
INSERT INTO group_subjects (group_id, subject_id, teacher_id) VALUES (2, 10, 3);
INSERT INTO group_subjects (group_id, subject_id, teacher_id) VALUES (3, 1, 1);
INSERT INTO group_subjects (group_id, subject_id, teacher_id) VALUES (3, 2, 8);
INSERT INTO group_subjects (group_id, subject_id, teacher_id) VALUES (3, 3, 8);
INSERT INTO group_subjects (group_id, subject_id, teacher_id) VALUES (3, 4, 9);
INSERT INTO group_subjects (group_id, subject_id, teacher_id) VALUES (3, 5, 9);
INSERT INTO group_subjects (group_id, subject_id, teacher_id) VALUES (3, 6, 4);
INSERT INTO group_subjects (group_id, subject_id, teacher_id) VALUES (3, 7, 2);
INSERT INTO group_subjects (group_id, subject_id, teacher_id) VALUES (3, 8, 1);
INSERT INTO group_subjects (group_id, subject_id, teacher_id) VALUES (3, 9, 10);
INSERT INTO group_subjects (group_id, subject_id, teacher_id) VALUES (3, 10, 6);
INSERT INTO group_subjects (group_id, subject_id, teacher_id) VALUES (4, 1, 9);
INSERT INTO group_subjects (group_id, subject_id, teacher_id) VALUES (4, 2, 8);
INSERT INTO group_subjects (group_id, subject_id, teacher_id) VALUES (4, 3, 6);
INSERT INTO group_subjects (group_id, subject_id, teacher_id) VALUES (4, 4, 2);
INSERT INTO group_subjects (group_id, subject_id, teacher_id) VALUES (4, 5, 7);
INSERT INTO group_subjects (group_id, subject_id, teacher_id) VALUES (4, 6, 5);
INSERT INTO group_subjects (group_id, subject_id, teacher_id) VALUES (4, 7, 8);
INSERT INTO group_subjects (group_id, subject_id, teacher_id) VALUES (4, 8, 4);
INSERT INTO group_subjects (group_id, subject_id, teacher_id) VALUES (4, 9, 3);
INSERT INTO group_subjects (group_id, subject_id, teacher_id) VALUES (4, 10, 7);

INSERT INTO group_subject_schedule (group_subject_id, assignment_id) VALUES (35, 1);
INSERT INTO group_subject_schedule (group_subject_id, assignment_id) VALUES (15, 39);
INSERT INTO group_subject_schedule (group_subject_id, assignment_id) VALUES (17, 46);
INSERT INTO group_subject_schedule (group_subject_id, assignment_id) VALUES (24, 2);
INSERT INTO group_subject_schedule (group_subject_id, assignment_id) VALUES (29, 17);
INSERT INTO group_subject_schedule (group_subject_id, assignment_id) VALUES (7, 47);
INSERT INTO group_subject_schedule (group_subject_id, assignment_id) VALUES (37, 3);
INSERT INTO group_subject_schedule (group_subject_id, assignment_id) VALUES (15, 18);
INSERT INTO group_subject_schedule (group_subject_id, assignment_id) VALUES (20, 41);
INSERT INTO group_subject_schedule (group_subject_id, assignment_id) VALUES (37, 19);
INSERT INTO group_subject_schedule (group_subject_id, assignment_id) VALUES (8, 27);
INSERT INTO group_subject_schedule (group_subject_id, assignment_id) VALUES (31, 34);
INSERT INTO group_subject_schedule (group_subject_id, assignment_id) VALUES (28, 56);
INSERT INTO group_subject_schedule (group_subject_id, assignment_id) VALUES (39, 4);
INSERT INTO group_subject_schedule (group_subject_id, assignment_id) VALUES (11, 20);
INSERT INTO group_subject_schedule (group_subject_id, assignment_id) VALUES (34, 49);
INSERT INTO group_subject_schedule (group_subject_id, assignment_id) VALUES (14, 57);
INSERT INTO group_subject_schedule (group_subject_id, assignment_id) VALUES (28, 21);
INSERT INTO group_subject_schedule (group_subject_id, assignment_id) VALUES (23, 50);
INSERT INTO group_subject_schedule (group_subject_id, assignment_id) VALUES (9, 5);
INSERT INTO group_subject_schedule (group_subject_id, assignment_id) VALUES (30, 63);
INSERT INTO group_subject_schedule (group_subject_id, assignment_id) VALUES (23, 6);
INSERT INTO group_subject_schedule (group_subject_id, assignment_id) VALUES (26, 36);
INSERT INTO group_subject_schedule (group_subject_id, assignment_id) VALUES (14, 59);
INSERT INTO group_subject_schedule (group_subject_id, assignment_id) VALUES (8, 37);
INSERT INTO group_subject_schedule (group_subject_id, assignment_id) VALUES (22, 8);
INSERT INTO group_subject_schedule (group_subject_id, assignment_id) VALUES (34, 65);
INSERT INTO group_subject_schedule (group_subject_id, assignment_id) VALUES (4, 52);
INSERT INTO group_subject_schedule (group_subject_id, assignment_id) VALUES (19, 53);