DELETE FROM group_subject_schedule;
DELETE FROM group_subjects;
DELETE FROM subjects;
DELETE FROM teacher_salaries;
DELETE FROM teachers;
DELETE FROM student_courses;
DELETE FROM students;
DELETE FROM groups;
DELETE FROM course_schedules;
DELETE FROM courses;
DELETE FROM room_assignments;
DELETE FROM rooms;

INSERT INTO rooms (name) VALUES ('K204');
INSERT INTO rooms (name) VALUES ('K205');
INSERT INTO rooms (name) VALUES ('K206');
INSERT INTO rooms (name) VALUES ('K207');
INSERT INTO rooms (name) VALUES ('K305');
INSERT INTO rooms (name) VALUES ('K306');
INSERT INTO rooms (name) VALUES ('K307');
INSERT INTO rooms (name) VALUES ('K409');
INSERT INTO rooms (name) VALUES ('K410');

INSERT INTO room_assignments (room_id, start_time, end_time) VALUES (1, '2024-02-01T08:00:00.000Z', '2024-02-01T08:45:00.000Z');
INSERT INTO room_assignments (room_id, start_time, end_time) VALUES (2, '2024-02-01T08:00:00.000Z', '2024-02-01T09:30:00.000Z');
INSERT INTO room_assignments (room_id, start_time, end_time) VALUES (3, '2024-02-01T08:00:00.000Z', '2024-02-01T08:45:00.000Z');
INSERT INTO room_assignments (room_id, start_time, end_time) VALUES (4, '2024-02-01T08:00:00.000Z', '2024-02-01T08:45:00.000Z');
INSERT INTO room_assignments (room_id, start_time, end_time) VALUES (6, '2024-02-01T08:00:00.000Z', '2024-02-01T08:45:00.000Z');
INSERT INTO room_assignments (room_id, start_time, end_time) VALUES (7, '2024-02-01T08:00:00.000Z', '2024-02-01T08:45:00.000Z');
INSERT INTO room_assignments (room_id, start_time, end_time) VALUES (8, '2024-02-01T08:00:00.000Z', '2024-02-01T09:30:00.000Z');
INSERT INTO room_assignments (room_id, start_time, end_time) VALUES (5, '2024-02-01T08:30:00.000Z', '2024-02-01T09:15:00.000Z');
INSERT INTO room_assignments (room_id, start_time, end_time) VALUES (9, '2024-02-01T08:30:00.000Z', '2024-02-01T10:00:00.000Z');
INSERT INTO room_assignments (room_id, start_time, end_time) VALUES (1, '2024-02-01T08:45:00.000Z', '2024-02-01T09:30:00.000Z');
INSERT INTO room_assignments (room_id, start_time, end_time) VALUES (4, '2024-02-01T08:45:00.000Z', '2024-02-01T10:15:00.000Z');
INSERT INTO room_assignments (room_id, start_time, end_time) VALUES (6, '2024-02-01T08:45:00.000Z', '2024-02-01T09:30:00.000Z');
INSERT INTO room_assignments (room_id, start_time, end_time) VALUES (7, '2024-02-01T08:45:00.000Z', '2024-02-01T09:30:00.000Z');
INSERT INTO room_assignments (room_id, start_time, end_time) VALUES (2, '2024-02-01T09:30:00.000Z', '2024-02-01T11:00:00.000Z');
INSERT INTO room_assignments (room_id, start_time, end_time) VALUES (3, '2024-02-01T09:30:00.000Z', '2024-02-01T11:00:00.000Z');
INSERT INTO room_assignments (room_id, start_time, end_time) VALUES (6, '2024-02-01T09:30:00.000Z', '2024-02-01T10:15:00.000Z');
INSERT INTO room_assignments (room_id, start_time, end_time) VALUES (8, '2024-02-01T09:30:00.000Z', '2024-02-01T11:00:00.000Z');
INSERT INTO room_assignments (room_id, start_time, end_time) VALUES (1, '2024-02-01T09:45:00.000Z', '2024-02-01T11:15:00.000Z');
INSERT INTO room_assignments (room_id, start_time, end_time) VALUES (7, '2024-02-01T10:00:00.000Z', '2024-02-01T11:30:00.000Z');
INSERT INTO room_assignments (room_id, start_time, end_time) VALUES (9, '2024-02-01T10:00:00.000Z', '2024-02-01T11:30:00.000Z');
INSERT INTO room_assignments (room_id, start_time, end_time) VALUES (4, '2024-02-01T10:15:00.000Z', '2024-02-01T11:00:00.000Z');
INSERT INTO room_assignments (room_id, start_time, end_time) VALUES (5, '2024-02-01T10:15:00.000Z', '2024-02-01T11:00:00.000Z');
INSERT INTO room_assignments (room_id, start_time, end_time) VALUES (6, '2024-02-01T10:15:00.000Z', '2024-02-01T11:45:00.000Z');
INSERT INTO room_assignments (room_id, start_time, end_time) VALUES (2, '2024-02-01T11:00:00.000Z', '2024-02-01T11:45:00.000Z');
INSERT INTO room_assignments (room_id, start_time, end_time) VALUES (3, '2024-02-01T11:00:00.000Z', '2024-02-01T12:30:00.000Z');
INSERT INTO room_assignments (room_id, start_time, end_time) VALUES (4, '2024-02-01T11:00:00.000Z', '2024-02-01T12:30:00.000Z');
INSERT INTO room_assignments (room_id, start_time, end_time) VALUES (8, '2024-02-01T11:00:00.000Z', '2024-02-01T12:30:00.000Z');
INSERT INTO room_assignments (room_id, start_time, end_time) VALUES (1, '2024-02-01T11:15:00.000Z', '2024-02-01T12:45:00.000Z');
INSERT INTO room_assignments (room_id, start_time, end_time) VALUES (7, '2024-02-01T11:30:00.000Z', '2024-02-01T13:00:00.000Z');
INSERT INTO room_assignments (room_id, start_time, end_time) VALUES (2, '2024-02-01T11:45:00.000Z', '2024-02-01T12:30:00.000Z');
INSERT INTO room_assignments (room_id, start_time, end_time) VALUES (9, '2024-02-01T11:45:00.000Z', '2024-02-01T12:30:00.000Z');
INSERT INTO room_assignments (room_id, start_time, end_time) VALUES (5, '2024-02-01T12:00:00.000Z', '2024-02-01T13:30:00.000Z');
INSERT INTO room_assignments (room_id, start_time, end_time) VALUES (6, '2024-02-01T12:15:00.000Z', '2024-02-01T13:00:00.000Z');
INSERT INTO room_assignments (room_id, start_time, end_time) VALUES (2, '2024-02-01T12:30:00.000Z', '2024-02-01T14:00:00.000Z');
INSERT INTO room_assignments (room_id, start_time, end_time) VALUES (3, '2024-02-01T12:30:00.000Z', '2024-02-01T13:15:00.000Z');
INSERT INTO room_assignments (room_id, start_time, end_time) VALUES (4, '2024-02-01T12:30:00.000Z', '2024-02-01T13:15:00.000Z');
INSERT INTO room_assignments (room_id, start_time, end_time) VALUES (1, '2024-02-01T12:45:00.000Z', '2024-02-01T14:15:00.000Z');
INSERT INTO room_assignments (room_id, start_time, end_time) VALUES (3, '2024-02-01T13:15:00.000Z', '2024-02-01T14:00:00.000Z');
INSERT INTO room_assignments (room_id, start_time, end_time) VALUES (8, '2024-02-01T13:15:00.000Z', '2024-02-01T14:00:00.000Z');
INSERT INTO room_assignments (room_id, start_time, end_time) VALUES (9, '2024-02-01T13:15:00.000Z', '2024-02-01T14:00:00.000Z');
INSERT INTO room_assignments (room_id, start_time, end_time) VALUES (5, '2024-02-01T13:30:00.000Z', '2024-02-01T15:00:00.000Z');
INSERT INTO room_assignments (room_id, start_time, end_time) VALUES (6, '2024-02-01T13:30:00.000Z', '2024-02-01T15:00:00.000Z');
INSERT INTO room_assignments (room_id, start_time, end_time) VALUES (7, '2024-02-01T13:45:00.000Z', '2024-02-01T15:15:00.000Z');
INSERT INTO room_assignments (room_id, start_time, end_time) VALUES (3, '2024-02-01T14:00:00.000Z', '2024-02-01T15:30:00.000Z');
INSERT INTO room_assignments (room_id, start_time, end_time) VALUES (4, '2024-02-01T14:00:00.000Z', '2024-02-01T14:45:00.000Z');
INSERT INTO room_assignments (room_id, start_time, end_time) VALUES (9, '2024-02-01T14:00:00.000Z', '2024-02-01T15:30:00.000Z');
INSERT INTO room_assignments (room_id, start_time, end_time) VALUES (1, '2024-02-01T14:30:00.000Z', '2024-02-01T15:15:00.000Z');
INSERT INTO room_assignments (room_id, start_time, end_time) VALUES (2, '2024-02-01T14:30:00.000Z', '2024-02-01T16:00:00.000Z');
INSERT INTO room_assignments (room_id, start_time, end_time) VALUES (8, '2024-02-01T14:30:00.000Z', '2024-02-01T15:15:00.000Z');
INSERT INTO room_assignments (room_id, start_time, end_time) VALUES (4, '2024-02-01T14:45:00.000Z', '2024-02-01T15:30:00.000Z');
INSERT INTO room_assignments (room_id, start_time, end_time) VALUES (5, '2024-02-01T15:00:00.000Z', '2024-02-01T16:30:00.000Z');
INSERT INTO room_assignments (room_id, start_time, end_time) VALUES (1, '2024-02-01T15:15:00.000Z', '2024-02-01T16:45:00.000Z');
INSERT INTO room_assignments (room_id, start_time, end_time) VALUES (7, '2024-02-01T15:15:00.000Z', '2024-02-01T16:45:00.000Z');
INSERT INTO room_assignments (room_id, start_time, end_time) VALUES (3, '2024-02-01T15:30:00.000Z', '2024-02-01T17:00:00.000Z');
INSERT INTO room_assignments (room_id, start_time, end_time) VALUES (4, '2024-02-01T15:30:00.000Z', '2024-02-01T16:15:00.000Z');
INSERT INTO room_assignments (room_id, start_time, end_time) VALUES (9, '2024-02-01T15:30:00.000Z', '2024-02-01T17:00:00.000Z');
INSERT INTO room_assignments (room_id, start_time, end_time) VALUES (6, '2024-02-01T15:45:00.000Z', '2024-02-01T16:30:00.000Z');
INSERT INTO room_assignments (room_id, start_time, end_time) VALUES (8, '2024-02-01T15:45:00.000Z', '2024-02-01T17:15:00.000Z');
INSERT INTO room_assignments (room_id, start_time, end_time) VALUES (2, '2024-02-01T16:15:00.000Z', '2024-02-01T17:45:00.000Z');
INSERT INTO room_assignments (room_id, start_time, end_time) VALUES (4, '2024-02-01T16:15:00.000Z', '2024-02-01T17:45:00.000Z');
INSERT INTO room_assignments (room_id, start_time, end_time) VALUES (5, '2024-02-01T16:30:00.000Z', '2024-02-01T18:00:00.000Z');
INSERT INTO room_assignments (room_id, start_time, end_time) VALUES (1, '2024-02-01T16:45:00.000Z', '2024-02-01T17:30:00.000Z');
INSERT INTO room_assignments (room_id, start_time, end_time) VALUES (7, '2024-02-01T16:45:00.000Z', '2024-02-01T18:15:00.000Z');
INSERT INTO room_assignments (room_id, start_time, end_time) VALUES (3, '2024-02-01T17:00:00.000Z', '2024-02-01T18:30:00.000Z');
INSERT INTO room_assignments (room_id, start_time, end_time) VALUES (8, '2024-02-01T17:15:00.000Z', '2024-02-01T18:00:00.000Z');
INSERT INTO room_assignments (room_id, start_time, end_time) VALUES (2, '2024-02-01T17:45:00.000Z', '2024-02-01T19:15:00.000Z');
INSERT INTO room_assignments (room_id, start_time, end_time) VALUES (4, '2024-02-01T17:45:00.000Z', '2024-02-01T18:30:00.000Z');
INSERT INTO room_assignments (room_id, start_time, end_time) VALUES (6, '2024-02-01T17:45:00.000Z', '2024-02-01T19:15:00.000Z');

INSERT INTO courses (name, start_date, end_date, price) VALUES ('Mathematics', '2024-02-01T00:00:00.000Z', '2024-03-02T00:00:00.000Z', 746);
INSERT INTO courses (name, start_date, end_date, price) VALUES ('Physics', '2024-02-01T00:00:00.000Z', '2024-03-02T00:00:00.000Z', 847);
INSERT INTO courses (name, start_date, end_date, price) VALUES ('Chemistry', '2024-02-01T00:00:00.000Z', '2024-03-02T00:00:00.000Z', 532);
INSERT INTO courses (name, start_date, end_date, price) VALUES ('Biology', '2024-02-01T00:00:00.000Z', '2024-03-02T00:00:00.000Z', 704);
INSERT INTO courses (name, start_date, end_date, price) VALUES ('History', '2024-02-01T00:00:00.000Z', '2024-03-02T00:00:00.000Z', 554);
INSERT INTO courses (name, start_date, end_date, price) VALUES ('Geography', '2024-02-01T00:00:00.000Z', '2024-03-02T00:00:00.000Z', 260);
INSERT INTO courses (name, start_date, end_date, price) VALUES ('English', '2024-02-01T00:00:00.000Z', '2024-03-02T00:00:00.000Z', 478);
INSERT INTO courses (name, start_date, end_date, price) VALUES ('French', '2024-02-01T00:00:00.000Z', '2024-03-02T00:00:00.000Z', 849);
INSERT INTO courses (name, start_date, end_date, price) VALUES ('Spanish', '2024-02-01T00:00:00.000Z', '2024-03-02T00:00:00.000Z', 132);
INSERT INTO courses (name, start_date, end_date, price) VALUES ('German', '2024-02-01T00:00:00.000Z', '2024-03-02T00:00:00.000Z', 758);

INSERT INTO course_schedules (course_id, assignment_id) VALUES (8, 9);
INSERT INTO course_schedules (course_id, assignment_id) VALUES (5, 56);
INSERT INTO course_schedules (course_id, assignment_id) VALUES (1, 63);
INSERT INTO course_schedules (course_id, assignment_id) VALUES (6, 26);
INSERT INTO course_schedules (course_id, assignment_id) VALUES (6, 10);
INSERT INTO course_schedules (course_id, assignment_id) VALUES (10, 18);
INSERT INTO course_schedules (course_id, assignment_id) VALUES (8, 57);
INSERT INTO course_schedules (course_id, assignment_id) VALUES (2, 3);
INSERT INTO course_schedules (course_id, assignment_id) VALUES (9, 51);
INSERT INTO course_schedules (course_id, assignment_id) VALUES (4, 64);
INSERT INTO course_schedules (course_id, assignment_id) VALUES (2, 44);
INSERT INTO course_schedules (course_id, assignment_id) VALUES (8, 19);
INSERT INTO course_schedules (course_id, assignment_id) VALUES (10, 28);
INSERT INTO course_schedules (course_id, assignment_id) VALUES (2, 58);
INSERT INTO course_schedules (course_id, assignment_id) VALUES (9, 4);
INSERT INTO course_schedules (course_id, assignment_id) VALUES (3, 52);
INSERT INTO course_schedules (course_id, assignment_id) VALUES (8, 37);
INSERT INTO course_schedules (course_id, assignment_id) VALUES (5, 13);
INSERT INTO course_schedules (course_id, assignment_id) VALUES (7, 5);
INSERT INTO course_schedules (course_id, assignment_id) VALUES (8, 38);
INSERT INTO course_schedules (course_id, assignment_id) VALUES (4, 46);
INSERT INTO course_schedules (course_id, assignment_id) VALUES (6, 53);
INSERT INTO course_schedules (course_id, assignment_id) VALUES (1, 22);
INSERT INTO course_schedules (course_id, assignment_id) VALUES (3, 67);
INSERT INTO course_schedules (course_id, assignment_id) VALUES (10, 14);
INSERT INTO course_schedules (course_id, assignment_id) VALUES (4, 39);
INSERT INTO course_schedules (course_id, assignment_id) VALUES (2, 7);
INSERT INTO course_schedules (course_id, assignment_id) VALUES (5, 54);
INSERT INTO course_schedules (course_id, assignment_id) VALUES (10, 23);
INSERT INTO course_schedules (course_id, assignment_id) VALUES (1, 68);
INSERT INTO course_schedules (course_id, assignment_id) VALUES (3, 61);
INSERT INTO course_schedules (course_id, assignment_id) VALUES (3, 15);
INSERT INTO course_schedules (course_id, assignment_id) VALUES (9, 33);
INSERT INTO course_schedules (course_id, assignment_id) VALUES (2, 40);
INSERT INTO course_schedules (course_id, assignment_id) VALUES (1, 55);
INSERT INTO course_schedules (course_id, assignment_id) VALUES (7, 24);
INSERT INTO course_schedules (course_id, assignment_id) VALUES (6, 16);
INSERT INTO course_schedules (course_id, assignment_id) VALUES (5, 48);

INSERT INTO groups (name) VALUES ('A');
INSERT INTO groups (name) VALUES ('B');
INSERT INTO groups (name) VALUES ('C');
INSERT INTO groups (name) VALUES ('D');

INSERT INTO students (first_name, last_name, group_id) VALUES ('Rodrigo', 'Tillman', 3);
INSERT INTO students (first_name, last_name, group_id) VALUES ('Paolo', 'Abbott', 1);
INSERT INTO students (first_name, last_name, group_id) VALUES ('Genoveva', 'Hilll', 3);
INSERT INTO students (first_name, last_name, group_id) VALUES ('Daren', 'Wyman', 4);
INSERT INTO students (first_name, last_name, group_id) VALUES ('Haven', 'Stoltenberg', 4);
INSERT INTO students (first_name, last_name, group_id) VALUES ('Jaycee', 'Wuckert', 1);
INSERT INTO students (first_name, last_name, group_id) VALUES ('Dan', 'Macejkovic', 2);
INSERT INTO students (first_name, last_name, group_id) VALUES ('Turner', 'Schowalter', 3);
INSERT INTO students (first_name, last_name, group_id) VALUES ('Braeden', 'Jast', 4);
INSERT INTO students (first_name, last_name, group_id) VALUES ('Jaydon', 'O''Reilly', 4);
INSERT INTO students (first_name, last_name, group_id) VALUES ('Rachel', 'Klein', 2);
INSERT INTO students (first_name, last_name, group_id) VALUES ('Angel', 'Rogahn', 4);
INSERT INTO students (first_name, last_name, group_id) VALUES ('Benny', 'O''Reilly', 3);
INSERT INTO students (first_name, last_name, group_id) VALUES ('Suzanne', 'Rippin', 3);
INSERT INTO students (first_name, last_name, group_id) VALUES ('Elwyn', 'Rowe', 4);
INSERT INTO students (first_name, last_name, group_id) VALUES ('Kara', 'Stoltenberg', 2);
INSERT INTO students (first_name, last_name, group_id) VALUES ('Frankie', 'Raynor', 2);
INSERT INTO students (first_name, last_name, group_id) VALUES ('Amanda', 'Schroeder', 3);
INSERT INTO students (first_name, last_name, group_id) VALUES ('Royal', 'Cronin', 3);
INSERT INTO students (first_name, last_name, group_id) VALUES ('Arno', 'Hauck', 1);
INSERT INTO students (first_name, last_name, group_id) VALUES ('Cayla', 'Pfannerstill', 2);
INSERT INTO students (first_name, last_name, group_id) VALUES ('Ivah', 'Little', 2);
INSERT INTO students (first_name, last_name, group_id) VALUES ('Hilton', 'Kozey', 2);
INSERT INTO students (first_name, last_name, group_id) VALUES ('Richie', 'Collins', 1);
INSERT INTO students (first_name, last_name, group_id) VALUES ('Pink', 'Kemmer-Roberts', 3);
INSERT INTO students (first_name, last_name, group_id) VALUES ('Trisha', 'Wehner', 2);
INSERT INTO students (first_name, last_name, group_id) VALUES ('Henriette', 'McClure', 4);
INSERT INTO students (first_name, last_name, group_id) VALUES ('Antonetta', 'Schoen', 1);
INSERT INTO students (first_name, last_name, group_id) VALUES ('Eldred', 'Hane', 4);
INSERT INTO students (first_name, last_name, group_id) VALUES ('Maxwell', 'Murray', 1);
INSERT INTO students (first_name, last_name, group_id) VALUES ('Pansy', 'Schmeler', 4);
INSERT INTO students (first_name, last_name, group_id) VALUES ('Pierce', 'Macejkovic', 3);
INSERT INTO students (first_name, last_name, group_id) VALUES ('Misty', 'Block', 4);
INSERT INTO students (first_name, last_name, group_id) VALUES ('Coleman', 'Connelly', 4);
INSERT INTO students (first_name, last_name, group_id) VALUES ('Carli', 'Hessel', 1);
INSERT INTO students (first_name, last_name, group_id) VALUES ('Esperanza', 'Cormier', 2);
INSERT INTO students (first_name, last_name, group_id) VALUES ('Sylvia', 'Nienow', 2);
INSERT INTO students (first_name, last_name, group_id) VALUES ('Demarcus', 'Schamberger', 3);
INSERT INTO students (first_name, last_name, group_id) VALUES ('Miguel', 'Wisozk', 1);
INSERT INTO students (first_name, last_name, group_id) VALUES ('Deangelo', 'Thompson', 2);
INSERT INTO students (first_name, last_name, group_id) VALUES ('Junius', 'Schiller', 1);
INSERT INTO students (first_name, last_name, group_id) VALUES ('Colten', 'Dare', 2);
INSERT INTO students (first_name, last_name, group_id) VALUES ('Cordia', 'Shields', 4);
INSERT INTO students (first_name, last_name, group_id) VALUES ('Presley', 'Toy', 1);
INSERT INTO students (first_name, last_name, group_id) VALUES ('Dell', 'Flatley', 4);
INSERT INTO students (first_name, last_name, group_id) VALUES ('Alphonso', 'Nader', 1);
INSERT INTO students (first_name, last_name, group_id) VALUES ('Zackery', 'Pfeffer', 3);
INSERT INTO students (first_name, last_name, group_id) VALUES ('Ryley', 'Hills', 2);
INSERT INTO students (first_name, last_name, group_id) VALUES ('Nikita', 'Pollich', 3);
INSERT INTO students (first_name, last_name, group_id) VALUES ('Darlene', 'Dare', 1);
INSERT INTO students (first_name, last_name, group_id) VALUES ('Noemie', 'Wiza', 4);
INSERT INTO students (first_name, last_name, group_id) VALUES ('Johann', 'Barton', 4);
INSERT INTO students (first_name, last_name, group_id) VALUES ('Elijah', 'Adams', 2);
INSERT INTO students (first_name, last_name, group_id) VALUES ('Dasia', 'Prosacco', 1);
INSERT INTO students (first_name, last_name, group_id) VALUES ('Makenzie', 'Walter', 3);
INSERT INTO students (first_name, last_name, group_id) VALUES ('Lilyan', 'Reinger', 2);
INSERT INTO students (first_name, last_name, group_id) VALUES ('Edwardo', 'Goldner', 3);
INSERT INTO students (first_name, last_name, group_id) VALUES ('Zelda', 'Marvin', 2);
INSERT INTO students (first_name, last_name, group_id) VALUES ('Neil', 'Schowalter', 3);
INSERT INTO students (first_name, last_name, group_id) VALUES ('Verona', 'Schamberger', 4);
INSERT INTO students (first_name, last_name, group_id) VALUES ('Wyatt', 'Heathcote', 4);
INSERT INTO students (first_name, last_name, group_id) VALUES ('Marie', 'Hansen', 3);
INSERT INTO students (first_name, last_name, group_id) VALUES ('Rex', 'Ruecker', 3);
INSERT INTO students (first_name, last_name, group_id) VALUES ('Adah', 'Deckow', 2);
INSERT INTO students (first_name, last_name, group_id) VALUES ('Maggie', 'Bechtelar', 3);
INSERT INTO students (first_name, last_name, group_id) VALUES ('Zoey', 'Morar', 1);
INSERT INTO students (first_name, last_name, group_id) VALUES ('Matilda', 'Lakin', 3);
INSERT INTO students (first_name, last_name, group_id) VALUES ('Adrain', 'Grimes', 3);
INSERT INTO students (first_name, last_name, group_id) VALUES ('Ericka', 'Dicki', 1);
INSERT INTO students (first_name, last_name, group_id) VALUES ('Cary', 'Von', 3);
INSERT INTO students (first_name, last_name, group_id) VALUES ('Izabella', 'Purdy', 3);
INSERT INTO students (first_name, last_name, group_id) VALUES ('Bill', 'Leannon', 2);
INSERT INTO students (first_name, last_name, group_id) VALUES ('Dell', 'Effertz', 2);
INSERT INTO students (first_name, last_name, group_id) VALUES ('Juana', 'Green', 4);
INSERT INTO students (first_name, last_name, group_id) VALUES ('Margret', 'Heller', 2);
INSERT INTO students (first_name, last_name, group_id) VALUES ('Lucius', 'Ward-Becker', 4);
INSERT INTO students (first_name, last_name, group_id) VALUES ('Mark', 'Mayer', 3);
INSERT INTO students (first_name, last_name, group_id) VALUES ('Rosetta', 'Rodriguez', 2);
INSERT INTO students (first_name, last_name, group_id) VALUES ('Emmanuel', 'Sawayn', 3);
INSERT INTO students (first_name, last_name, group_id) VALUES ('Troy', 'Krajcik-Hodkiewicz', 1);
INSERT INTO students (first_name, last_name, group_id) VALUES ('Cathrine', 'Grimes', 1);
INSERT INTO students (first_name, last_name, group_id) VALUES ('Isac', 'Murazik', 1);
INSERT INTO students (first_name, last_name, group_id) VALUES ('Cale', 'Paucek', 2);
INSERT INTO students (first_name, last_name, group_id) VALUES ('Tom', 'Breitenberg', 1);
INSERT INTO students (first_name, last_name, group_id) VALUES ('Kaley', 'Weber', 4);
INSERT INTO students (first_name, last_name, group_id) VALUES ('Odell', 'Torphy', 1);
INSERT INTO students (first_name, last_name, group_id) VALUES ('Raphael', 'King', 1);
INSERT INTO students (first_name, last_name, group_id) VALUES ('Henri', 'Johnson', 1);
INSERT INTO students (first_name, last_name, group_id) VALUES ('Arnold', 'Schuppe', 1);
INSERT INTO students (first_name, last_name, group_id) VALUES ('Winston', 'Bednar', 3);
INSERT INTO students (first_name, last_name, group_id) VALUES ('Ashlee', 'Bahringer', 2);
INSERT INTO students (first_name, last_name, group_id) VALUES ('Jeremy', 'Marvin', 2);
INSERT INTO students (first_name, last_name, group_id) VALUES ('Grace', 'Beahan', 2);
INSERT INTO students (first_name, last_name, group_id) VALUES ('Alanis', 'Kovacek-Sauer', 1);
INSERT INTO students (first_name, last_name, group_id) VALUES ('Vern', 'Bechtelar', 1);
INSERT INTO students (first_name, last_name, group_id) VALUES ('Miguel', 'McClure', 4);
INSERT INTO students (first_name, last_name, group_id) VALUES ('Jaleel', 'Keebler', 2);
INSERT INTO students (first_name, last_name, group_id) VALUES ('Mona', 'Gleichner', 4);
INSERT INTO students (first_name, last_name, group_id) VALUES ('Edwina', 'Beer', 2);
INSERT INTO students (first_name, last_name, group_id) VALUES ('Estella', 'Considine', 2);

INSERT INTO student_courses (student_id, course_id, payment_date) VALUES (1, 3, '2024-02-01T00:00:00.000Z');
INSERT INTO student_courses (student_id, course_id, payment_date) VALUES (4, 4, '2024-02-01T00:00:00.000Z');
INSERT INTO student_courses (student_id, course_id, payment_date) VALUES (10, 4, '2024-02-01T00:00:00.000Z');
INSERT INTO student_courses (student_id, course_id, payment_date) VALUES (11, 5, '2024-02-01T00:00:00.000Z');
INSERT INTO student_courses (student_id, course_id, payment_date) VALUES (13, 8, '2024-02-01T00:00:00.000Z');
INSERT INTO student_courses (student_id, course_id, payment_date) VALUES (16, 1, '2024-02-01T00:00:00.000Z');
INSERT INTO student_courses (student_id, course_id, payment_date) VALUES (17, 3, '2024-02-01T00:00:00.000Z');
INSERT INTO student_courses (student_id, course_id, payment_date) VALUES (18, 1, '2024-02-01T00:00:00.000Z');
INSERT INTO student_courses (student_id, course_id, payment_date) VALUES (19, 5, '2024-02-01T00:00:00.000Z');
INSERT INTO student_courses (student_id, course_id, payment_date) VALUES (21, 10, '2024-02-01T00:00:00.000Z');
INSERT INTO student_courses (student_id, course_id, payment_date) VALUES (23, 3, '2024-02-01T00:00:00.000Z');
INSERT INTO student_courses (student_id, course_id, payment_date) VALUES (25, 2, '2024-02-01T00:00:00.000Z');
INSERT INTO student_courses (student_id, course_id, payment_date) VALUES (27, 4, '2024-02-01T00:00:00.000Z');
INSERT INTO student_courses (student_id, course_id, payment_date) VALUES (29, 5, '2024-02-01T00:00:00.000Z');
INSERT INTO student_courses (student_id, course_id, payment_date) VALUES (36, 3, '2024-02-01T00:00:00.000Z');
INSERT INTO student_courses (student_id, course_id, payment_date) VALUES (38, 7, '2024-02-01T00:00:00.000Z');
INSERT INTO student_courses (student_id, course_id, payment_date) VALUES (39, 8, '2024-02-01T00:00:00.000Z');
INSERT INTO student_courses (student_id, course_id, payment_date) VALUES (41, 4, '2024-02-01T00:00:00.000Z');
INSERT INTO student_courses (student_id, course_id, payment_date) VALUES (43, 8, '2024-02-01T00:00:00.000Z');
INSERT INTO student_courses (student_id, course_id, payment_date) VALUES (50, 1, '2024-02-01T00:00:00.000Z');
INSERT INTO student_courses (student_id, course_id, payment_date) VALUES (51, 8, '2024-02-01T00:00:00.000Z');
INSERT INTO student_courses (student_id, course_id, payment_date) VALUES (52, 8, '2024-02-01T00:00:00.000Z');
INSERT INTO student_courses (student_id, course_id, payment_date) VALUES (55, 5, '2024-02-01T00:00:00.000Z');
INSERT INTO student_courses (student_id, course_id, payment_date) VALUES (57, 6, '2024-02-01T00:00:00.000Z');
INSERT INTO student_courses (student_id, course_id, payment_date) VALUES (59, 8, '2024-02-01T00:00:00.000Z');
INSERT INTO student_courses (student_id, course_id, payment_date) VALUES (60, 3, '2024-02-01T00:00:00.000Z');
INSERT INTO student_courses (student_id, course_id, payment_date) VALUES (61, 10, '2024-02-01T00:00:00.000Z');
INSERT INTO student_courses (student_id, course_id, payment_date) VALUES (62, 1, '2024-02-01T00:00:00.000Z');
INSERT INTO student_courses (student_id, course_id, payment_date) VALUES (63, 2, '2024-02-01T00:00:00.000Z');
INSERT INTO student_courses (student_id, course_id, payment_date) VALUES (64, 10, '2024-02-01T00:00:00.000Z');
INSERT INTO student_courses (student_id, course_id, payment_date) VALUES (72, 6, '2024-02-01T00:00:00.000Z');
INSERT INTO student_courses (student_id, course_id, payment_date) VALUES (73, 10, '2024-02-01T00:00:00.000Z');
INSERT INTO student_courses (student_id, course_id, payment_date) VALUES (74, 9, '2024-02-01T00:00:00.000Z');
INSERT INTO student_courses (student_id, course_id, payment_date) VALUES (77, 2, '2024-02-01T00:00:00.000Z');
INSERT INTO student_courses (student_id, course_id, payment_date) VALUES (78, 1, '2024-02-01T00:00:00.000Z');
INSERT INTO student_courses (student_id, course_id, payment_date) VALUES (80, 2, '2024-02-01T00:00:00.000Z');
INSERT INTO student_courses (student_id, course_id, payment_date) VALUES (81, 4, '2024-02-01T00:00:00.000Z');
INSERT INTO student_courses (student_id, course_id, payment_date) VALUES (83, 6, '2024-02-01T00:00:00.000Z');
INSERT INTO student_courses (student_id, course_id, payment_date) VALUES (85, 7, '2024-02-01T00:00:00.000Z');
INSERT INTO student_courses (student_id, course_id, payment_date) VALUES (88, 1, '2024-02-01T00:00:00.000Z');
INSERT INTO student_courses (student_id, course_id, payment_date) VALUES (90, 9, '2024-02-01T00:00:00.000Z');
INSERT INTO student_courses (student_id, course_id, payment_date) VALUES (92, 10, '2024-02-01T00:00:00.000Z');
INSERT INTO student_courses (student_id, course_id, payment_date) VALUES (93, 6, '2024-02-01T00:00:00.000Z');
INSERT INTO student_courses (student_id, course_id, payment_date) VALUES (98, 9, '2024-02-01T00:00:00.000Z');
INSERT INTO student_courses (student_id, course_id, payment_date) VALUES (100, 4, '2024-02-01T00:00:00.000Z');

INSERT INTO teachers (first_name, last_name) VALUES ('Lelah', 'Kuhlman');
INSERT INTO teachers (first_name, last_name) VALUES ('Kayla', 'Hamill');
INSERT INTO teachers (first_name, last_name) VALUES ('Benjamin', 'Klein');
INSERT INTO teachers (first_name, last_name) VALUES ('Johan', 'Schmeler');
INSERT INTO teachers (first_name, last_name) VALUES ('Karson', 'Hettinger');
INSERT INTO teachers (first_name, last_name) VALUES ('Cade', 'Romaguera');
INSERT INTO teachers (first_name, last_name) VALUES ('Maeve', 'Collins');
INSERT INTO teachers (first_name, last_name) VALUES ('Sonya', 'Ward');
INSERT INTO teachers (first_name, last_name) VALUES ('Alysa', 'Lang');
INSERT INTO teachers (first_name, last_name) VALUES ('Jerad', 'Trantow');

INSERT INTO teacher_salaries (teacher_id, amount, payment_date) VALUES (1, 2012, '2024-02-25T05:09:46.464Z');
INSERT INTO teacher_salaries (teacher_id, amount, payment_date) VALUES (2, 4498, '2024-02-03T11:49:48.551Z');
INSERT INTO teacher_salaries (teacher_id, amount, payment_date) VALUES (3, 1504, '2024-02-04T00:18:02.957Z');
INSERT INTO teacher_salaries (teacher_id, amount, payment_date) VALUES (4, 3914, '2024-02-24T00:45:07.640Z');
INSERT INTO teacher_salaries (teacher_id, amount, payment_date) VALUES (5, 3155, '2024-02-23T23:15:03.254Z');
INSERT INTO teacher_salaries (teacher_id, amount, payment_date) VALUES (6, 2932, '2024-02-02T13:20:28.770Z');
INSERT INTO teacher_salaries (teacher_id, amount, payment_date) VALUES (7, 1979, '2024-02-01T16:35:17.503Z');
INSERT INTO teacher_salaries (teacher_id, amount, payment_date) VALUES (8, 2968, '2024-02-28T21:23:17.518Z');
INSERT INTO teacher_salaries (teacher_id, amount, payment_date) VALUES (9, 4191, '2024-02-24T09:01:28.181Z');
INSERT INTO teacher_salaries (teacher_id, amount, payment_date) VALUES (10, 2091, '2024-02-05T04:00:37.916Z');

INSERT INTO subjects (name) VALUES ('Mathematics');
INSERT INTO subjects (name) VALUES ('Physics');
INSERT INTO subjects (name) VALUES ('Chemistry');
INSERT INTO subjects (name) VALUES ('Biology');
INSERT INTO subjects (name) VALUES ('History');
INSERT INTO subjects (name) VALUES ('Geography');
INSERT INTO subjects (name) VALUES ('English');
INSERT INTO subjects (name) VALUES ('French');
INSERT INTO subjects (name) VALUES ('Spanish');
INSERT INTO subjects (name) VALUES ('German');

INSERT INTO group_subjects (group_id, subject_id, teacher_id) VALUES (1, 1, 6);
INSERT INTO group_subjects (group_id, subject_id, teacher_id) VALUES (1, 2, 10);
INSERT INTO group_subjects (group_id, subject_id, teacher_id) VALUES (1, 3, 6);
INSERT INTO group_subjects (group_id, subject_id, teacher_id) VALUES (1, 4, 10);
INSERT INTO group_subjects (group_id, subject_id, teacher_id) VALUES (1, 5, 8);
INSERT INTO group_subjects (group_id, subject_id, teacher_id) VALUES (1, 6, 4);
INSERT INTO group_subjects (group_id, subject_id, teacher_id) VALUES (1, 7, 1);
INSERT INTO group_subjects (group_id, subject_id, teacher_id) VALUES (1, 8, 6);
INSERT INTO group_subjects (group_id, subject_id, teacher_id) VALUES (1, 9, 2);
INSERT INTO group_subjects (group_id, subject_id, teacher_id) VALUES (1, 10, 2);
INSERT INTO group_subjects (group_id, subject_id, teacher_id) VALUES (2, 1, 8);
INSERT INTO group_subjects (group_id, subject_id, teacher_id) VALUES (2, 2, 10);
INSERT INTO group_subjects (group_id, subject_id, teacher_id) VALUES (2, 3, 2);
INSERT INTO group_subjects (group_id, subject_id, teacher_id) VALUES (2, 4, 4);
INSERT INTO group_subjects (group_id, subject_id, teacher_id) VALUES (2, 5, 2);
INSERT INTO group_subjects (group_id, subject_id, teacher_id) VALUES (2, 6, 6);
INSERT INTO group_subjects (group_id, subject_id, teacher_id) VALUES (2, 7, 2);
INSERT INTO group_subjects (group_id, subject_id, teacher_id) VALUES (2, 8, 1);
INSERT INTO group_subjects (group_id, subject_id, teacher_id) VALUES (2, 9, 5);
INSERT INTO group_subjects (group_id, subject_id, teacher_id) VALUES (2, 10, 4);
INSERT INTO group_subjects (group_id, subject_id, teacher_id) VALUES (3, 1, 9);
INSERT INTO group_subjects (group_id, subject_id, teacher_id) VALUES (3, 2, 3);
INSERT INTO group_subjects (group_id, subject_id, teacher_id) VALUES (3, 3, 6);
INSERT INTO group_subjects (group_id, subject_id, teacher_id) VALUES (3, 4, 8);
INSERT INTO group_subjects (group_id, subject_id, teacher_id) VALUES (3, 5, 3);
INSERT INTO group_subjects (group_id, subject_id, teacher_id) VALUES (3, 6, 5);
INSERT INTO group_subjects (group_id, subject_id, teacher_id) VALUES (3, 7, 2);
INSERT INTO group_subjects (group_id, subject_id, teacher_id) VALUES (3, 8, 6);
INSERT INTO group_subjects (group_id, subject_id, teacher_id) VALUES (3, 9, 5);
INSERT INTO group_subjects (group_id, subject_id, teacher_id) VALUES (3, 10, 4);
INSERT INTO group_subjects (group_id, subject_id, teacher_id) VALUES (4, 1, 1);
INSERT INTO group_subjects (group_id, subject_id, teacher_id) VALUES (4, 2, 7);
INSERT INTO group_subjects (group_id, subject_id, teacher_id) VALUES (4, 3, 9);
INSERT INTO group_subjects (group_id, subject_id, teacher_id) VALUES (4, 4, 1);
INSERT INTO group_subjects (group_id, subject_id, teacher_id) VALUES (4, 5, 10);
INSERT INTO group_subjects (group_id, subject_id, teacher_id) VALUES (4, 6, 8);
INSERT INTO group_subjects (group_id, subject_id, teacher_id) VALUES (4, 7, 6);
INSERT INTO group_subjects (group_id, subject_id, teacher_id) VALUES (4, 8, 10);
INSERT INTO group_subjects (group_id, subject_id, teacher_id) VALUES (4, 9, 6);
INSERT INTO group_subjects (group_id, subject_id, teacher_id) VALUES (4, 10, 10);

INSERT INTO group_subject_schedule (group_subject_id, assignment_id) VALUES (32, 1);
INSERT INTO group_subject_schedule (group_subject_id, assignment_id) VALUES (32, 17);
INSERT INTO group_subject_schedule (group_subject_id, assignment_id) VALUES (4, 25);
INSERT INTO group_subject_schedule (group_subject_id, assignment_id) VALUES (6, 41);
INSERT INTO group_subject_schedule (group_subject_id, assignment_id) VALUES (14, 49);
INSERT INTO group_subject_schedule (group_subject_id, assignment_id) VALUES (39, 35);
INSERT INTO group_subject_schedule (group_subject_id, assignment_id) VALUES (24, 2);
INSERT INTO group_subject_schedule (group_subject_id, assignment_id) VALUES (4, 42);
INSERT INTO group_subject_schedule (group_subject_id, assignment_id) VALUES (15, 50);
INSERT INTO group_subject_schedule (group_subject_id, assignment_id) VALUES (33, 43);
INSERT INTO group_subject_schedule (group_subject_id, assignment_id) VALUES (1, 27);
INSERT INTO group_subject_schedule (group_subject_id, assignment_id) VALUES (13, 36);
INSERT INTO group_subject_schedule (group_subject_id, assignment_id) VALUES (15, 11);
INSERT INTO group_subject_schedule (group_subject_id, assignment_id) VALUES (27, 12);
INSERT INTO group_subject_schedule (group_subject_id, assignment_id) VALUES (18, 65);
INSERT INTO group_subject_schedule (group_subject_id, assignment_id) VALUES (14, 45);
INSERT INTO group_subject_schedule (group_subject_id, assignment_id) VALUES (5, 20);
INSERT INTO group_subject_schedule (group_subject_id, assignment_id) VALUES (40, 29);
INSERT INTO group_subject_schedule (group_subject_id, assignment_id) VALUES (16, 21);
INSERT INTO group_subject_schedule (group_subject_id, assignment_id) VALUES (24, 59);
INSERT INTO group_subject_schedule (group_subject_id, assignment_id) VALUES (30, 66);
INSERT INTO group_subject_schedule (group_subject_id, assignment_id) VALUES (33, 30);
INSERT INTO group_subject_schedule (group_subject_id, assignment_id) VALUES (20, 6);
INSERT INTO group_subject_schedule (group_subject_id, assignment_id) VALUES (35, 60);
INSERT INTO group_subject_schedule (group_subject_id, assignment_id) VALUES (3, 31);
INSERT INTO group_subject_schedule (group_subject_id, assignment_id) VALUES (15, 32);
INSERT INTO group_subject_schedule (group_subject_id, assignment_id) VALUES (5, 47);
INSERT INTO group_subject_schedule (group_subject_id, assignment_id) VALUES (16, 8);
INSERT INTO group_subject_schedule (group_subject_id, assignment_id) VALUES (22, 62);
INSERT INTO group_subject_schedule (group_subject_id, assignment_id) VALUES (9, 34);